customer_id,product_id,Product_name,price,quantity,total,discount_percentage,discounted_total,order_id
1,162,Blue Frock,29.99,4,119.96,12.13,105.41,1
1,113,Generic Motorcycle,3999.99,3,11999.97,12.1,10547.97,2
1,122,iPhone 6,299.99,3,899.97,6.69,839.76,3
1,138,Baseball Ball,8.99,2,17.98,1.71,17.67,4
2,86,Man Short Sleeve Shirt,19.99,5,99.95,6.83,93.12,5
2,104,Apple iPhone Charger,19.99,2,39.98,18.52,32.58,6
3,24,Fish Steak,14.99,1,14.99,4.23,14.36,7
3,123,iPhone 13 Pro,1099.99,1,1099.99,9.37,996.92,8
3,129,Realme X,299.99,1,299.99,6.95,279.14,9
3,86,Man Short Sleeve Shirt,19.99,5,99.95,6.83,93.12,10
3,8,Dior J'adore,89.99,2,179.98,14.72,153.49,11
3,157,Party Glasses,19.99,5,99.95,11.22,88.74,12
4,92,Sports Sneakers Off White Red,109.99,3,329.97,0.04,329.84,13
4,8,Dior J'adore,89.99,4,359.96,14.72,306.97,14
5,161,Samsung Galaxy Tab White,349.99,4,1399.96,18.2,1145.17,15
5,39,Soft Drinks,1.99,4,7.96,17.48,6.57,16
5,3,Powder Canister,14.99,4,59.96,9.84,54.06,17
6,192,Rolex Datejust Women,10999.99,5,54999.95,15.94,46232.96,18
6,130,Realme XT,349.99,1,349.99,11.51,309.71,19
6,155,Classic Sun Glasses,24.99,4,99.96,4.94,95.02,20
6,42,Water,0.99,4,3.96,14.92,3.37,21
7,56,Electric Stove,49.99,1,49.99,14.04,42.97,22
7,136,Vivo X21,499.99,1,499.99,17.41,412.94,23
7,9,Dolce Shine Eau de,69.99,2,139.98,0.62,139.11,24
7,120,Vaseline Men Body and Face Lotion,9.99,4,39.96,13.39,34.61,25
7,56,Electric Stove,49.99,1,49.99,14.04,42.97,26
7,90,Puma Future Rider Trainers,89.99,5,449.95,4.2,431.05,27
8,18,Cat Food,8.99,2,17.98,9.58,16.26,28
8,50,Black Whisk,9.99,3,29.97,10.24,26.9,29
8,162,Blue Frock,29.99,4,119.96,12.13,105.41,30
8,11,Annibale Colombo Bed,1899.99,3,5699.97,8.57,5211.48,31
8,108,iPhone 12 Silicone Case with MagSafe Plum,29.99,4,119.96,13.85,103.35,32
8,106,Apple Watch Series 4 Gold,349.99,1,349.99,12.02,307.92,33
9,1,Essence Mascara Lash Princess,9.99,3,29.97,10.48,26.83,34
9,98,Rolex Submariner Watch,13999.99,2,27999.98,5.05,26585.98,35
9,132,Samsung Galaxy S8,499.99,3,1499.97,19.45,1208.23,36
9,90,Puma Future Rider Trainers,89.99,2,179.98,4.2,172.42,37
10,41,Tissue Paper Box,2.49,1,2.49,13.28,2.16,38
10,108,iPhone 12 Silicone Case with MagSafe Plum,29.99,5,149.95,13.85,129.18,39
11,115,MotoGP CI.H1,14999.99,4,59999.96,6.92,55847.96,40
11,101,Apple AirPods Max Silver,549.99,2,1099.98,13.67,949.61,41
11,55,Egg Slicer,6.99,4,27.96,14.76,23.83,42
11,25,Green Bell Pepper,1.29,3,3.87,0.16,3.86,43
11,161,Samsung Galaxy Tab White,349.99,2,699.98,18.2,572.58,44
12,117,Sportbike Motorcycle,7499.99,1,7499.99,11.58,6631.49,45
12,28,Ice Cream,5.49,5,27.450000000000003,8.69,25.06,46
12,98,Rolex Submariner Watch,13999.99,2,27999.98,5.05,26585.98,47
12,8,Dior J'adore,89.99,1,89.99,14.72,76.74,48
12,162,Blue Frock,29.99,5,149.95,12.13,131.76,49
12,14,Knoll Saarinen Executive Conference Chair,499.99,4,1999.96,2.01,1959.76,50
13,35,Potatoes,2.29,2,4.58,5.38,4.33,51
13,23,Eggs,2.99,4,11.96,11.05,10.64,52
14,44,Family Tree Photo Frame,29.99,4,119.96,14.87,102.12,53
14,68,Pan,24.99,1,24.99,3.0,24.24,54
14,65,Lunch Box,12.99,5,64.95,10.34,58.23,55
15,61,Hand Blender,34.99,2,69.98,17.02,58.07,56
15,105,Apple MagSafe Battery Pack,99.99,1,99.99,17.17,82.82,57
15,141,Basketball Rim,39.99,2,79.98,7.74,73.79,58
16,20,Cooking Oil,4.99,5,24.950000000000003,9.33,22.62,59
16,91,Sports Sneakers Off White & Red,119.99,3,359.97,4.97,342.08,60
17,123,iPhone 13 Pro,1099.99,5,5499.95,9.37,4984.6,61
17,137,American Football,19.99,1,19.99,4.93,19.0,62
17,25,Green Bell Pepper,1.29,5,6.45,0.16,6.44,63
17,26,Green Chili Pepper,0.99,5,4.95,1.0,4.9,64
18,169,Dodge Hornet GT Plus,24999.99,5,124999.95,2.63,121712.45,65
18,193,Watch Gold for Women,799.99,5,3999.95,18.34,3266.36,66
19,22,Dog Food,10.99,3,32.97,10.27,29.58,67
19,56,Electric Stove,49.99,1,49.99,14.04,42.97,68
19,97,Rolex Datejust,10999.99,2,21999.98,3.73,21179.38,69
19,71,Silver Pot With Glass Cap,39.99,1,39.99,5.7,37.71,70
19,69,Plate,3.99,5,19.950000000000003,7.31,18.49,71
20,123,iPhone 13 Pro,1099.99,4,4399.96,9.37,3987.68,72
20,36,Protein Powder,19.99,3,59.97,7.59,55.42,73
20,146,Feather Shuttlecock,5.99,2,11.98,2.95,11.63,74
20,89,Nike Baseball Cleats,79.99,3,239.97,18.04,196.68,75
21,79,Asus Zenbook Pro Dual Screen Laptop,1799.99,1,1799.99,11.14,1599.47,76
21,164,Gray Dress,34.99,4,139.96,14.28,119.97,77
21,192,Rolex Datejust Women,10999.99,1,10999.99,15.94,9246.59,78
22,16,Apple,1.99,4,7.96,12.62,6.96,79
22,92,Sports Sneakers Off White Red,109.99,2,219.98,0.04,219.89,80
22,166,Tartan Dress,39.99,2,79.98,12.95,69.62,81
23,127,Oppo K1,299.99,5,1499.95,18.29,1225.61,82
23,134,Vivo S1,249.99,4,999.96,10.17,898.26,83
24,117,Sportbike Motorcycle,7499.99,4,29999.96,11.58,26525.96,84
24,128,Realme C35,149.99,2,299.98,15.3,254.08,85
25,32,Milk,3.49,2,6.98,13.74,6.02,86
25,106,Apple Watch Series 4 Gold,349.99,3,1049.97,12.02,923.76,87
25,35,Potatoes,2.29,5,11.45,5.38,10.83,88
25,110,Selfie Lamp with iPhone,14.99,4,59.96,19.4,48.33,89
25,103,Apple HomePod Mini Cosmic Grey,99.99,1,99.99,18.1,81.89,90
26,122,iPhone 6,299.99,3,899.97,6.69,839.76,91
26,63,Kitchen Sieve,7.99,4,31.96,18.91,25.92,92
26,108,iPhone 12 Silicone Case with MagSafe Plum,29.99,4,119.96,13.85,103.35,93
26,153,Volleyball,11.99,5,59.95,12.25,52.61,94
27,192,Rolex Datejust Women,10999.99,4,43999.96,15.94,36986.37,95
27,97,Rolex Datejust,10999.99,5,54999.95,3.73,52948.45,96
27,20,Cooking Oil,4.99,3,14.97,9.33,13.57,97
27,113,Generic Motorcycle,3999.99,3,11999.97,12.1,10547.97,98
28,182,Green Crystal Earring,29.99,5,149.95,15.24,127.1,99
28,64,Knife,14.99,2,29.98,18.86,24.33,100
28,46,Plant Pot,14.99,3,44.97,6.84,41.89,101
28,185,Black & Brown Slipper,19.99,5,99.95,3.33,96.62,102
28,175,White Faux Leather Backpack,39.99,3,119.97,15.2,101.73,103
28,81,Lenovo Yoga 920,1099.99,5,5499.95,6.55,5139.7,104
29,174,Prada Women Bag,599.99,3,1799.97,14.09,1546.35,105
29,102,Apple Airpower Wireless Charger,79.99,5,399.95,4.48,382.03,106
29,48,Bamboo Spatula,7.99,5,39.95,2.84,38.82,107
29,141,Basketball Rim,39.99,3,119.97,7.74,110.68,108
30,143,Cricket Bat,29.99,1,29.99,3.29,29.0,109
30,135,Vivo V9,299.99,2,599.98,17.67,493.96,110
30,126,Oppo F19 Pro Plus,399.99,1,399.99,18.64,325.43,111
30,77,Yellow Peeler,5.99,1,5.99,12.48,5.24,112
30,3,Powder Canister,14.99,5,74.95,9.84,67.57,113
30,170,Durango SXT RWD,36999.99,5,184999.95,16.44,154585.96,114
31,2,Eyeshadow Palette with Mirror,19.99,2,39.98,18.19,32.71,115
31,16,Apple,1.99,1,1.99,12.62,1.74,116
31,54,Citrus Squeezer Yellow,8.99,3,26.97,12.1,23.71,117
31,187,Golden Shoes Woman,49.99,3,149.97,13.93,129.08,118
31,106,Apple Watch Series 4 Gold,349.99,3,1049.97,12.02,923.76,119
32,21,Cucumber,1.49,5,7.45,0.16,7.44,120
32,181,Marni Red & Black Suit,179.99,1,179.99,19.02,145.76,121
33,175,White Faux Leather Backpack,39.99,1,39.99,15.2,33.91,122
33,127,Oppo K1,299.99,4,1199.96,18.29,980.49,123
33,38,Rice,5.99,3,17.97,9.29,16.3,124
33,14,Knoll Saarinen Executive Conference Chair,499.99,5,2499.95,2.01,2449.7,125
33,43,Decoration Swing,59.99,5,299.95,10.41,268.73,126
33,169,Dodge Hornet GT Plus,24999.99,5,124999.95,2.63,121712.45,127
34,136,Vivo X21,499.99,2,999.98,17.41,825.88,128
34,100,Apple Airpods,129.99,3,389.97,15.54,329.37,129
34,154,Black Sun Glasses,29.99,3,89.97,4.94,85.53,130
35,69,Plate,3.99,2,7.98,7.31,7.4,131
35,54,Citrus Squeezer Yellow,8.99,1,8.99,12.1,7.9,132
35,181,Marni Red & Black Suit,179.99,3,539.97,19.02,437.27,133
35,55,Egg Slicer,6.99,4,27.96,14.76,23.83,134
35,38,Rice,5.99,3,17.97,9.29,16.3,135
35,67,Mug Tree Stand,15.99,1,15.99,9.25,14.51,136
36,3,Powder Canister,14.99,3,44.97,9.84,40.54,137
36,138,Baseball Ball,8.99,2,17.98,1.71,17.67,138
36,72,Slotted Turner,8.99,4,35.96,13.35,31.16,139
37,141,Basketball Rim,39.99,3,119.97,7.74,110.68,140
37,41,Tissue Paper Box,2.49,4,9.96,13.28,8.64,141
38,110,Selfie Lamp with iPhone,14.99,2,29.98,19.4,24.16,142
38,161,Samsung Galaxy Tab White,349.99,1,349.99,18.2,286.29,143
38,110,Selfie Lamp with iPhone,14.99,2,29.98,19.4,24.16,144
39,148,Golf Ball,9.99,2,19.98,17.37,16.51,145
39,177,Black Women's Gown,129.99,2,259.98,10.48,232.73,146
40,154,Black Sun Glasses,29.99,3,89.97,4.94,85.53,147
40,77,Yellow Peeler,5.99,4,23.96,12.48,20.97,148
40,6,Calvin Klein CK One,49.99,3,149.97,1.89,147.14,149
41,38,Rice,5.99,5,29.950000000000003,9.29,27.17,150
41,97,Rolex Datejust,10999.99,2,21999.98,3.73,21179.38,151
41,139,Baseball Glove,24.99,4,99.96,2.9,97.06,152
41,7,Chanel Coco Noir Eau De,129.99,4,519.96,16.51,434.11,153
41,95,Rolex Cellini Date Black Dial,8999.99,3,26999.97,8.88,24602.37,154
42,148,Golf Ball,9.99,5,49.95,17.37,41.27,155
42,17,Beef Steak,12.99,4,51.96,9.61,46.97,156
42,179,Corset With Black Skirt,79.99,2,159.98,15.06,135.89,157
42,164,Gray Dress,34.99,3,104.97,14.28,89.98,158
42,7,Chanel Coco Noir Eau De,129.99,2,259.98,16.51,217.06,159
43,88,Nike Air Jordan 1 Red And Black,149.99,5,749.95,4.12,719.05,160
43,13,Bedside Table African Cherry,299.99,2,599.98,19.09,485.44,161
43,90,Puma Future Rider Trainers,89.99,3,269.97,4.2,258.63,162
43,61,Hand Blender,34.99,2,69.98,17.02,58.07,163
44,74,Spoon,4.99,4,19.96,1.53,19.65,164
44,115,MotoGP CI.H1,14999.99,3,44999.97,6.92,41885.97,165
44,142,Cricket Ball,12.99,1,12.99,8.63,11.87,166
44,40,Strawberry,3.99,3,11.97,1.12,11.84,167
44,132,Samsung Galaxy S8,499.99,4,1999.96,19.45,1610.97,168
44,22,Dog Food,10.99,1,10.99,10.27,9.86,169
45,168,Charger SXT RWD,32999.99,4,131999.96,8.23,121136.36,170
45,29,Juice,3.99,3,11.97,12.06,10.53,171
45,30,Kiwi,2.49,3,7.470000000000001,15.22,6.33,172
45,156,Green and Black Glasses,34.99,4,139.96,1.01,138.55,173
45,72,Slotted Turner,8.99,2,17.98,13.35,15.58,174
45,75,Tray,16.99,5,84.94999999999999,7.48,78.6,175
46,21,Cucumber,1.49,5,7.45,0.16,7.44,176
46,121,iPhone 5s,199.99,3,599.97,12.91,522.51,177
46,96,Rolex Cellini Moonphase,12999.99,5,64999.95,17.52,53611.96,178
46,14,Knoll Saarinen Executive Conference Chair,499.99,4,1999.96,2.01,1959.76,179
47,6,Calvin Klein CK One,49.99,3,149.97,1.89,147.14,180
47,164,Gray Dress,34.99,4,139.96,14.28,119.97,181
47,169,Dodge Hornet GT Plus,24999.99,2,49999.98,2.63,48684.98,182
47,92,Sports Sneakers Off White Red,109.99,2,219.98,0.04,219.89,183
47,46,Plant Pot,14.99,2,29.98,6.84,27.93,184
48,140,Basketball,14.99,5,74.95,7.44,69.37,185
48,18,Cat Food,8.99,4,35.96,9.58,32.52,186
49,184,Tropical Earring,19.99,5,99.95,0.76,99.19,187
49,142,Cricket Ball,12.99,5,64.95,8.63,59.34,188
49,15,Wooden Bathroom Sink With Mirror,799.99,5,3999.95,8.8,3647.95,189
49,18,Cat Food,8.99,2,17.98,9.58,16.26,190
49,111,Selfie Stick Monopod,12.99,2,25.98,19.12,21.01,191
50,60,Grater Black,10.99,5,54.95,3.56,52.99,192
50,96,Rolex Cellini Moonphase,12999.99,1,12999.99,17.52,10722.39,193
50,8,Dior J'adore,89.99,1,89.99,14.72,76.74,194
51,133,Samsung Galaxy S10,699.99,5,3499.95,5.59,3304.3,195
51,73,Spice Rack,19.99,1,19.99,12.09,17.57,196
51,96,Rolex Cellini Moonphase,12999.99,1,12999.99,17.52,10722.39,197
51,98,Rolex Submariner Watch,13999.99,1,13999.99,5.05,13292.99,198
51,116,Scooter Motorcycle,2999.99,2,5999.98,6.27,5623.78,199
52,169,Dodge Hornet GT Plus,24999.99,5,124999.95,2.63,121712.45,200
52,194,Women's Wrist Watch,129.99,2,259.98,12.6,227.22,201
52,4,Red Lipstick,12.99,1,12.99,12.16,11.41,202
52,114,Kawasaki Z800,8999.99,1,8999.99,9.77,8120.69,203
52,77,Yellow Peeler,5.99,5,29.950000000000003,12.48,26.21,204
52,185,Black & Brown Slipper,19.99,4,79.96,3.33,77.3,205
53,159,iPad Mini 2021 Starlight,499.99,2,999.98,3.64,963.58,206
53,163,Girl Summer Dress,19.99,4,79.96,19.2,64.61,207
54,12,Annibale Colombo Sofa,2499.99,2,4999.98,14.4,4279.98,208
54,78,Apple MacBook Pro 14 Inch Space Grey,1999.99,3,5999.97,4.69,5718.57,209
55,49,Black Aluminium Cup,5.99,3,17.97,15.65,15.16,210
55,84,Gigabyte Aorus Men Tshirt,24.99,1,24.99,0.94,24.76,211
56,60,Grater Black,10.99,2,21.98,3.56,21.2,212
56,99,Amazon Echo Plus,99.99,1,99.99,12.07,87.92,213
57,88,Nike Air Jordan 1 Red And Black,149.99,5,749.95,4.12,719.05,214
57,100,Apple Airpods,129.99,4,519.96,15.54,439.16,215
58,174,Prada Women Bag,599.99,2,1199.98,14.09,1030.9,216
58,142,Cricket Ball,12.99,1,12.99,8.63,11.87,217
59,170,Durango SXT RWD,36999.99,2,73999.98,16.44,61834.38,218
59,145,Cricket Wicket,29.99,1,29.99,16.93,24.91,219
60,82,New DELL XPS 13 9300 Laptop,1499.99,5,7499.95,11.89,6608.21,220
60,149,Iron Golf,49.99,3,149.97,6.53,140.18,221
61,66,Microwave Oven,89.99,4,359.96,12.13,316.3,222
61,119,Olay Ultra Moisture Shea Butter Body Wash,12.99,4,51.96,16.39,43.44,223
61,107,Beats Flex Wireless Earphones,49.99,3,149.97,5.73,141.38,224
61,166,Tartan Dress,39.99,2,79.98,12.95,69.62,225
61,42,Water,0.99,1,0.99,14.92,0.84,226
62,133,Samsung Galaxy S10,699.99,4,2799.96,5.59,2643.44,227
62,53,Chopping Board,12.99,4,51.96,8.03,47.79,228
63,153,Volleyball,11.99,1,11.99,12.25,10.52,229
63,179,Corset With Black Skirt,79.99,2,159.98,15.06,135.89,230
63,129,Realme X,299.99,1,299.99,6.95,279.14,231
63,19,Chicken Meat,9.99,4,39.96,13.7,34.49,232
64,79,Asus Zenbook Pro Dual Screen Laptop,1799.99,3,5399.97,11.14,4798.41,233
64,21,Cucumber,1.49,2,2.98,0.16,2.98,234
64,73,Spice Rack,19.99,4,79.96,12.09,70.29,235
64,9,Dolce Shine Eau de,69.99,5,349.95,0.62,347.78,236
64,175,White Faux Leather Backpack,39.99,5,199.95,15.2,169.56,237
65,130,Realme XT,349.99,4,1399.96,11.51,1238.82,238
65,93,Brown Leather Belt Watch,89.99,1,89.99,5.99,84.6,239
65,175,White Faux Leather Backpack,39.99,5,199.95,15.2,169.56,240
65,87,Men Check Shirt,27.99,1,27.99,11.38,24.8,241
66,193,Watch Gold for Women,799.99,2,1599.98,18.34,1306.54,242
66,160,Samsung Galaxy Tab S8 Plus Grey,599.99,1,599.99,13.31,520.13,243
66,37,Red Onions,1.99,3,5.97,9.9,5.38,244
66,178,Corset Leather With Skirt,89.99,1,89.99,16.26,75.36,245
67,135,Vivo V9,299.99,1,299.99,17.67,246.98,246
67,9,Dolce Shine Eau de,69.99,2,139.98,0.62,139.11,247
67,29,Juice,3.99,1,3.99,12.06,3.51,248
68,65,Lunch Box,12.99,2,25.98,10.34,23.29,249
68,164,Gray Dress,34.99,5,174.95000000000002,14.28,149.97,250
68,53,Chopping Board,12.99,4,51.96,8.03,47.79,251
69,28,Ice Cream,5.49,2,10.98,8.69,10.03,252
69,190,IWC Ingenieur Automatic Steel,4999.99,1,4999.99,9.45,4527.49,253
69,183,Green Oval Earring,24.99,3,74.97,15.18,63.59,254
69,122,iPhone 6,299.99,2,599.98,6.69,559.84,255
69,122,iPhone 6,299.99,5,1499.95,6.69,1399.6,256
70,161,Samsung Galaxy Tab White,349.99,5,1749.95,18.2,1431.46,257
70,112,TV Studio Camera Pedestal,499.99,3,1499.97,8.31,1375.32,258
70,130,Realme XT,349.99,1,349.99,11.51,309.71,259
70,149,Iron Golf,49.99,3,149.97,6.53,140.18,260
70,72,Slotted Turner,8.99,5,44.95,13.35,38.95,261
71,133,Samsung Galaxy S10,699.99,4,2799.96,5.59,2643.44,262
71,180,Dress Pea,49.99,2,99.98,17.68,82.3,263
71,23,Eggs,2.99,2,5.98,11.05,5.32,264
71,115,MotoGP CI.H1,14999.99,5,74999.95,6.92,69809.95,265
72,141,Basketball Rim,39.99,4,159.96,7.74,147.58,266
72,46,Plant Pot,14.99,5,74.95,6.84,69.82,267
72,61,Hand Blender,34.99,2,69.98,17.02,58.07,268
72,38,Rice,5.99,3,17.97,9.29,16.3,269
73,79,Asus Zenbook Pro Dual Screen Laptop,1799.99,3,5399.97,11.14,4798.41,270
73,111,Selfie Stick Monopod,12.99,2,25.98,19.12,21.01,271
73,63,Kitchen Sieve,7.99,4,31.96,18.91,25.92,272
73,120,Vaseline Men Body and Face Lotion,9.99,5,49.95,13.39,43.26,273
73,129,Realme X,299.99,1,299.99,6.95,279.14,274
73,191,Rolex Cellini Moonphase,15999.99,1,15999.99,4.11,15342.39,275
74,105,Apple MagSafe Battery Pack,99.99,1,99.99,17.17,82.82,276
74,130,Realme XT,349.99,4,1399.96,11.51,1238.82,277
74,41,Tissue Paper Box,2.49,1,2.49,13.28,2.16,278
74,36,Protein Powder,19.99,3,59.97,7.59,55.42,279
75,41,Tissue Paper Box,2.49,1,2.49,13.28,2.16,280
75,127,Oppo K1,299.99,1,299.99,18.29,245.12,281
75,73,Spice Rack,19.99,2,39.98,12.09,35.15,282
75,37,Red Onions,1.99,2,3.98,9.9,3.59,283
76,108,iPhone 12 Silicone Case with MagSafe Plum,29.99,3,89.97,13.85,77.51,284
76,78,Apple MacBook Pro 14 Inch Space Grey,1999.99,4,7999.96,4.69,7624.76,285
76,167,300 Touring,28999.99,1,28999.99,3.98,27845.79,286
76,177,Black Women's Gown,129.99,3,389.97,10.48,349.1,287
76,152,Tennis Racket,49.99,3,149.97,19.61,120.56,288
77,106,Apple Watch Series 4 Gold,349.99,2,699.98,12.02,615.84,289
77,178,Corset Leather With Skirt,89.99,2,179.98,16.26,150.72,290
77,91,Sports Sneakers Off White & Red,119.99,1,119.99,4.97,114.03,291
78,171,Pacifica Touring,31999.99,4,127999.96,14.76,109107.17,292
78,120,Vaseline Men Body and Face Lotion,9.99,3,29.97,13.39,25.96,293
78,181,Marni Red & Black Suit,179.99,5,899.95,19.02,728.78,294
78,85,Man Plaid Shirt,34.99,1,34.99,19.5,28.17,295
79,18,Cat Food,8.99,3,26.97,9.58,24.39,296
79,84,Gigabyte Aorus Men Tshirt,24.99,3,74.97,0.94,74.27,297
79,193,Watch Gold for Women,799.99,1,799.99,18.34,653.27,298
79,174,Prada Women Bag,599.99,1,599.99,14.09,515.45,299
79,147,Football,17.99,3,53.97,5.15,51.19,300
79,50,Black Whisk,9.99,2,19.98,10.24,17.93,301
80,41,Tissue Paper Box,2.49,2,4.98,13.28,4.32,302
80,13,Bedside Table African Cherry,299.99,5,1499.95,19.09,1213.61,303
81,2,Eyeshadow Palette with Mirror,19.99,3,59.97,18.19,49.06,304
81,36,Protein Powder,19.99,5,99.95,7.59,92.36,305
81,18,Cat Food,8.99,2,17.98,9.58,16.26,306
81,53,Chopping Board,12.99,5,64.95,8.03,59.73,307
82,163,Girl Summer Dress,19.99,1,19.99,19.2,16.15,308
82,46,Plant Pot,14.99,5,74.95,6.84,69.82,309
82,43,Decoration Swing,59.99,3,179.97,10.41,161.24,310
82,107,Beats Flex Wireless Earphones,49.99,4,199.96,5.73,188.5,311
82,136,Vivo X21,499.99,3,1499.97,17.41,1238.83,312
83,163,Girl Summer Dress,19.99,2,39.98,19.2,32.3,313
83,32,Milk,3.49,1,3.49,13.74,3.01,314
83,14,Knoll Saarinen Executive Conference Chair,499.99,4,1999.96,2.01,1959.76,315
83,170,Durango SXT RWD,36999.99,4,147999.96,16.44,123668.77,316
83,49,Black Aluminium Cup,5.99,3,17.97,15.65,15.16,317
84,141,Basketball Rim,39.99,2,79.98,7.74,73.79,318
84,90,Puma Future Rider Trainers,89.99,5,449.95,4.2,431.05,319
84,71,Silver Pot With Glass Cap,39.99,1,39.99,5.7,37.71,320
85,157,Party Glasses,19.99,4,79.96,11.22,70.99,321
85,47,Table Lamp,49.99,2,99.98,7.09,92.89,322
86,114,Kawasaki Z800,8999.99,5,44999.95,9.77,40603.45,323
86,180,Dress Pea,49.99,5,249.95,17.68,205.76,324
87,45,House Showpiece Plant,39.99,5,199.95,7.46,185.03,325
87,175,White Faux Leather Backpack,39.99,2,79.98,15.2,67.82,326
87,44,Family Tree Photo Frame,29.99,1,29.99,14.87,25.53,327
88,58,Fork,3.99,5,19.950000000000003,8.07,18.34,328
88,100,Apple Airpods,129.99,1,129.99,15.54,109.79,329
89,30,Kiwi,2.49,4,9.96,15.22,8.44,330
89,101,Apple AirPods Max Silver,549.99,4,2199.96,13.67,1899.23,331
89,44,Family Tree Photo Frame,29.99,1,29.99,14.87,25.53,332
89,150,Metal Baseball Bat,29.99,2,59.98,19.51,48.28,333
89,150,Metal Baseball Bat,29.99,5,149.95,19.51,120.69,334
89,138,Baseball Ball,8.99,1,8.99,1.71,8.84,335
90,132,Samsung Galaxy S8,499.99,2,999.98,19.45,805.48,336
90,180,Dress Pea,49.99,4,199.96,17.68,164.61,337
90,83,Blue & Black Check Shirt,29.99,2,59.98,15.35,50.77,338
90,176,Women Handbag Black,59.99,5,299.95,11.63,265.07,339
90,94,Longines Master Collection,1499.99,3,4499.97,17.24,3724.18,340
91,187,Golden Shoes Woman,49.99,4,199.96,13.93,172.11,341
91,52,Carbon Steel Wok,29.99,2,59.98,6.53,56.06,342
92,132,Samsung Galaxy S8,499.99,1,499.99,19.45,402.74,343
92,187,Golden Shoes Woman,49.99,3,149.97,13.93,129.08,344
92,51,Boxed Blender,39.99,4,159.96,7.26,148.35,345
93,83,Blue & Black Check Shirt,29.99,2,59.98,15.35,50.77,346
93,74,Spoon,4.99,2,9.98,1.53,9.83,347
93,103,Apple HomePod Mini Cosmic Grey,99.99,1,99.99,18.1,81.89,348
93,85,Man Plaid Shirt,34.99,4,139.96,19.5,112.67,349
93,13,Bedside Table African Cherry,299.99,5,1499.95,19.09,1213.61,350
94,75,Tray,16.99,5,84.94999999999999,7.48,78.6,351
94,3,Powder Canister,14.99,4,59.96,9.84,54.06,352
94,155,Classic Sun Glasses,24.99,3,74.97,4.94,71.27,353
94,16,Apple,1.99,3,5.97,12.62,5.22,354
94,188,Pampi Shoes,29.99,4,119.96,14.14,103.0,355
95,133,Samsung Galaxy S10,699.99,5,3499.95,5.59,3304.3,356
95,23,Eggs,2.99,2,5.98,11.05,5.32,357
95,170,Durango SXT RWD,36999.99,4,147999.96,16.44,123668.77,358
95,183,Green Oval Earring,24.99,5,124.95,15.18,105.98,359
95,133,Samsung Galaxy S10,699.99,4,2799.96,5.59,2643.44,360
95,140,Basketball,14.99,4,59.96,7.44,55.5,361
96,5,Red Nail Polish,8.99,5,44.95,11.44,39.81,362
96,162,Blue Frock,29.99,2,59.98,12.13,52.7,363
97,18,Cat Food,8.99,1,8.99,9.58,8.13,364
97,41,Tissue Paper Box,2.49,2,4.98,13.28,4.32,365
97,132,Samsung Galaxy S8,499.99,4,1999.96,19.45,1610.97,366
98,180,Dress Pea,49.99,5,249.95,17.68,205.76,367
98,48,Bamboo Spatula,7.99,2,15.98,2.84,15.53,368
98,99,Amazon Echo Plus,99.99,5,499.95,12.07,439.61,369
98,188,Pampi Shoes,29.99,1,29.99,14.14,25.75,370
98,156,Green and Black Glasses,34.99,4,139.96,1.01,138.55,371
98,24,Fish Steak,14.99,5,74.95,4.23,71.78,372
99,18,Cat Food,8.99,3,26.97,9.58,24.39,373
99,68,Pan,24.99,3,74.97,3.0,72.72,374
99,146,Feather Shuttlecock,5.99,1,5.99,2.95,5.81,375
99,28,Ice Cream,5.49,3,16.47,8.69,15.04,376
100,31,Lemon,0.79,4,3.16,9.7,2.85,377
100,97,Rolex Datejust,10999.99,3,32999.97,3.73,31769.07,378
101,57,Fine Mesh Strainer,9.99,3,29.97,3.5,28.92,379
101,153,Volleyball,11.99,3,35.97,12.25,31.56,380
101,133,Samsung Galaxy S10,699.99,2,1399.98,5.59,1321.72,381
101,22,Dog Food,10.99,1,10.99,10.27,9.86,382
101,68,Pan,24.99,3,74.97,3.0,72.72,383
102,22,Dog Food,10.99,1,10.99,10.27,9.86,384
102,111,Selfie Stick Monopod,12.99,1,12.99,19.12,10.51,385
102,53,Chopping Board,12.99,4,51.96,8.03,47.79,386
102,45,House Showpiece Plant,39.99,2,79.98,7.46,74.01,387
102,63,Kitchen Sieve,7.99,2,15.98,18.91,12.96,388
103,37,Red Onions,1.99,5,9.95,9.9,8.96,389
103,39,Soft Drinks,1.99,4,7.96,17.48,6.57,390
103,18,Cat Food,8.99,2,17.98,9.58,16.26,391
104,87,Men Check Shirt,27.99,5,139.95,11.38,124.02,392
104,24,Fish Steak,14.99,5,74.95,4.23,71.78,393
104,32,Milk,3.49,3,10.47,13.74,9.03,394
104,66,Microwave Oven,89.99,4,359.96,12.13,316.3,395
104,55,Egg Slicer,6.99,5,34.95,14.76,29.79,396
104,99,Amazon Echo Plus,99.99,5,499.95,12.07,439.61,397
105,148,Golf Ball,9.99,2,19.98,17.37,16.51,398
105,109,Monopod,19.99,3,59.97,8.58,54.82,399
105,75,Tray,16.99,4,67.96,7.48,62.88,400
106,84,Gigabyte Aorus Men Tshirt,24.99,1,24.99,0.94,24.76,401
106,166,Tartan Dress,39.99,2,79.98,12.95,69.62,402
107,52,Carbon Steel Wok,29.99,1,29.99,6.53,28.03,403
107,47,Table Lamp,49.99,2,99.98,7.09,92.89,404
108,142,Cricket Ball,12.99,1,12.99,8.63,11.87,405
108,106,Apple Watch Series 4 Gold,349.99,3,1049.97,12.02,923.76,406
109,78,Apple MacBook Pro 14 Inch Space Grey,1999.99,5,9999.95,4.69,9530.95,407
109,93,Brown Leather Belt Watch,89.99,1,89.99,5.99,84.6,408
110,170,Durango SXT RWD,36999.99,1,36999.99,16.44,30917.19,409
110,163,Girl Summer Dress,19.99,3,59.97,19.2,48.46,410
110,38,Rice,5.99,4,23.96,9.29,21.73,411
110,61,Hand Blender,34.99,2,69.98,17.02,58.07,412
110,92,Sports Sneakers Off White Red,109.99,5,549.9499999999999,0.04,549.73,413
111,12,Annibale Colombo Sofa,2499.99,5,12499.95,14.4,10699.96,414
111,161,Samsung Galaxy Tab White,349.99,4,1399.96,18.2,1145.17,415
112,172,Blue Women's Handbag,49.99,4,199.96,17.88,164.21,416
112,49,Black Aluminium Cup,5.99,1,5.99,15.65,5.05,417
112,142,Cricket Ball,12.99,3,38.97,8.63,35.61,418
112,156,Green and Black Glasses,34.99,4,139.96,1.01,138.55,419
113,1,Essence Mascara Lash Princess,9.99,5,49.95,10.48,44.72,420
113,110,Selfie Lamp with iPhone,14.99,5,74.95,19.4,60.41,421
113,112,TV Studio Camera Pedestal,499.99,3,1499.97,8.31,1375.32,422
114,105,Apple MagSafe Battery Pack,99.99,2,199.98,17.17,165.64,423
114,117,Sportbike Motorcycle,7499.99,5,37499.95,11.58,33157.46,424
115,166,Tartan Dress,39.99,2,79.98,12.95,69.62,425
115,81,Lenovo Yoga 920,1099.99,4,4399.96,6.55,4111.76,426
115,69,Plate,3.99,2,7.98,7.31,7.4,427
115,18,Cat Food,8.99,4,35.96,9.58,32.52,428
115,23,Eggs,2.99,1,2.99,11.05,2.66,429
116,144,Cricket Helmet,44.99,1,44.99,9.64,40.65,430
116,21,Cucumber,1.49,5,7.45,0.16,7.44,431
116,116,Scooter Motorcycle,2999.99,3,8999.97,6.27,8435.67,432
116,111,Selfie Stick Monopod,12.99,3,38.97,19.12,31.52,433
116,120,Vaseline Men Body and Face Lotion,9.99,5,49.95,13.39,43.26,434
117,11,Annibale Colombo Bed,1899.99,2,3799.98,8.57,3474.32,435
117,69,Plate,3.99,1,3.99,7.31,3.7,436
117,37,Red Onions,1.99,3,5.97,9.9,5.38,437
117,176,Women Handbag Black,59.99,3,179.97,11.63,159.04,438
117,80,Huawei Matebook X Pro,1399.99,5,6999.95,9.38,6343.35,439
118,60,Grater Black,10.99,4,43.96,3.56,42.4,440
118,183,Green Oval Earring,24.99,2,49.98,15.18,42.39,441
118,120,Vaseline Men Body and Face Lotion,9.99,4,39.96,13.39,34.61,442
118,33,Mulberry,4.99,5,24.950000000000003,12.87,21.74,443
119,104,Apple iPhone Charger,19.99,2,39.98,18.52,32.58,444
119,100,Apple Airpods,129.99,2,259.98,15.54,219.58,445
120,105,Apple MagSafe Battery Pack,99.99,2,199.98,17.17,165.64,446
120,45,House Showpiece Plant,39.99,2,79.98,7.46,74.01,447
120,88,Nike Air Jordan 1 Red And Black,149.99,4,599.96,4.12,575.24,448
121,60,Grater Black,10.99,5,54.95,3.56,52.99,449
121,42,Water,0.99,3,2.97,14.92,2.53,450
121,53,Chopping Board,12.99,2,25.98,8.03,23.89,451
122,95,Rolex Cellini Date Black Dial,8999.99,3,26999.97,8.88,24602.37,452
122,184,Tropical Earring,19.99,2,39.98,0.76,39.68,453
122,47,Table Lamp,49.99,1,49.99,7.09,46.45,454
123,183,Green Oval Earring,24.99,4,99.96,15.18,84.79,455
123,116,Scooter Motorcycle,2999.99,3,8999.97,6.27,8435.67,456
123,155,Classic Sun Glasses,24.99,4,99.96,4.94,95.02,457
123,53,Chopping Board,12.99,4,51.96,8.03,47.79,458
123,115,MotoGP CI.H1,14999.99,5,74999.95,6.92,69809.95,459
123,180,Dress Pea,49.99,1,49.99,17.68,41.15,460
124,144,Cricket Helmet,44.99,4,179.96,9.64,162.61,461
124,149,Iron Golf,49.99,5,249.95,6.53,233.63,462
124,146,Feather Shuttlecock,5.99,5,29.950000000000003,2.95,29.07,463
124,120,Vaseline Men Body and Face Lotion,9.99,1,9.99,13.39,8.65,464
125,123,iPhone 13 Pro,1099.99,3,3299.9700000000003,9.37,2990.76,465
125,4,Red Lipstick,12.99,5,64.95,12.16,57.05,466
126,181,Marni Red & Black Suit,179.99,2,359.98,19.02,291.51,467
126,68,Pan,24.99,5,124.95,3.0,121.2,468
126,69,Plate,3.99,2,7.98,7.31,7.4,469
126,127,Oppo K1,299.99,2,599.98,18.29,490.24,470
126,30,Kiwi,2.49,5,12.45,15.22,10.56,471
127,140,Basketball,14.99,2,29.98,7.44,27.75,472
127,128,Realme C35,149.99,3,449.97,15.3,381.12,473
127,87,Men Check Shirt,27.99,3,83.97,11.38,74.41,474
127,46,Plant Pot,14.99,4,59.96,6.84,55.86,475
127,121,iPhone 5s,199.99,2,399.98,12.91,348.34,476
128,147,Football,17.99,1,17.99,5.15,17.06,477
128,78,Apple MacBook Pro 14 Inch Space Grey,1999.99,5,9999.95,4.69,9530.95,478
128,4,Red Lipstick,12.99,3,38.97,12.16,34.23,479
128,173,Heshe Women's Leather Bag,129.99,1,129.99,3.87,124.96,480
128,57,Fine Mesh Strainer,9.99,5,49.95,3.5,48.2,481
129,136,Vivo X21,499.99,4,1999.96,17.41,1651.77,482
129,52,Carbon Steel Wok,29.99,5,149.95,6.53,140.16,483
129,21,Cucumber,1.49,1,1.49,0.16,1.49,484
129,162,Blue Frock,29.99,1,29.99,12.13,26.35,485
129,18,Cat Food,8.99,5,44.95,9.58,40.64,486
129,59,Glass,4.99,4,19.96,7.92,18.38,487
130,65,Lunch Box,12.99,2,25.98,10.34,23.29,488
130,15,Wooden Bathroom Sink With Mirror,799.99,2,1599.98,8.8,1459.18,489
130,167,300 Touring,28999.99,1,28999.99,3.98,27845.79,490
131,93,Brown Leather Belt Watch,89.99,5,449.95,5.99,423.0,491
131,65,Lunch Box,12.99,2,25.98,10.34,23.29,492
131,90,Puma Future Rider Trainers,89.99,2,179.98,4.2,172.42,493
131,133,Samsung Galaxy S10,699.99,4,2799.96,5.59,2643.44,494
131,35,Potatoes,2.29,3,6.87,5.38,6.5,495
131,10,Gucci Bloom Eau de,79.99,3,239.97,14.39,205.44,496
132,51,Boxed Blender,39.99,3,119.97,7.26,111.26,497
132,179,Corset With Black Skirt,79.99,1,79.99,15.06,67.94,498
132,51,Boxed Blender,39.99,4,159.96,7.26,148.35,499
132,12,Annibale Colombo Sofa,2499.99,5,12499.95,14.4,10699.96,500
132,65,Lunch Box,12.99,4,51.96,10.34,46.59,501
132,134,Vivo S1,249.99,2,499.98,10.17,449.13,502
133,176,Women Handbag Black,59.99,2,119.98,11.63,106.03,503
133,176,Women Handbag Black,59.99,4,239.96,11.63,212.05,504
133,152,Tennis Racket,49.99,4,199.96,19.61,160.75,505
133,190,IWC Ingenieur Automatic Steel,4999.99,1,4999.99,9.45,4527.49,506
133,78,Apple MacBook Pro 14 Inch Space Grey,1999.99,2,3999.98,4.69,3812.38,507
134,126,Oppo F19 Pro Plus,399.99,3,1199.97,18.64,976.3,508
134,103,Apple HomePod Mini Cosmic Grey,99.99,3,299.97,18.1,245.68,509
134,173,Heshe Women's Leather Bag,129.99,3,389.97,3.87,374.88,510
134,183,Green Oval Earring,24.99,3,74.97,15.18,63.59,511
134,104,Apple iPhone Charger,19.99,3,59.97,18.52,48.86,512
134,34,Nescafe Coffee,7.99,4,31.96,1.59,31.45,513
135,150,Metal Baseball Bat,29.99,2,59.98,19.51,48.28,514
135,188,Pampi Shoes,29.99,2,59.98,14.14,51.5,515
135,100,Apple Airpods,129.99,5,649.95,15.54,548.95,516
135,188,Pampi Shoes,29.99,4,119.96,14.14,103.0,517
136,177,Black Women's Gown,129.99,2,259.98,10.48,232.73,518
136,65,Lunch Box,12.99,2,25.98,10.34,23.29,519
136,166,Tartan Dress,39.99,3,119.97,12.95,104.43,520
137,43,Decoration Swing,59.99,3,179.97,10.41,161.24,521
137,87,Men Check Shirt,27.99,5,139.95,11.38,124.02,522
137,56,Electric Stove,49.99,2,99.98,14.04,85.94,523
137,113,Generic Motorcycle,3999.99,3,11999.97,12.1,10547.97,524
137,158,Sunglasses,22.99,1,22.99,1.51,22.64,525
138,117,Sportbike Motorcycle,7499.99,2,14999.98,11.58,13262.98,526
138,146,Feather Shuttlecock,5.99,5,29.950000000000003,2.95,29.07,527
139,62,Ice Cube Tray,5.99,2,11.98,0.63,11.9,528
139,139,Baseball Glove,24.99,1,24.99,2.9,24.27,529
140,87,Men Check Shirt,27.99,1,27.99,11.38,24.8,530
140,58,Fork,3.99,4,15.96,8.07,14.67,531
140,88,Nike Air Jordan 1 Red And Black,149.99,4,599.96,4.12,575.24,532
141,161,Samsung Galaxy Tab White,349.99,5,1749.95,18.2,1431.46,533
141,35,Potatoes,2.29,5,11.45,5.38,10.83,534
141,160,Samsung Galaxy Tab S8 Plus Grey,599.99,2,1199.98,13.31,1040.26,535
141,110,Selfie Lamp with iPhone,14.99,2,29.98,19.4,24.16,536
142,159,iPad Mini 2021 Starlight,499.99,2,999.98,3.64,963.58,537
142,187,Golden Shoes Woman,49.99,4,199.96,13.93,172.11,538
142,112,TV Studio Camera Pedestal,499.99,2,999.98,8.31,916.88,539
142,51,Boxed Blender,39.99,5,199.95,7.26,185.43,540
142,5,Red Nail Polish,8.99,4,35.96,11.44,31.85,541
142,102,Apple Airpower Wireless Charger,79.99,3,239.97,4.48,229.22,542
143,149,Iron Golf,49.99,3,149.97,6.53,140.18,543
143,150,Metal Baseball Bat,29.99,4,119.96,19.51,96.56,544
143,80,Huawei Matebook X Pro,1399.99,5,6999.95,9.38,6343.35,545
143,12,Annibale Colombo Sofa,2499.99,4,9999.96,14.4,8559.97,546
143,166,Tartan Dress,39.99,3,119.97,12.95,104.43,547
143,92,Sports Sneakers Off White Red,109.99,2,219.98,0.04,219.89,548
144,12,Annibale Colombo Sofa,2499.99,1,2499.99,14.4,2139.99,549
144,132,Samsung Galaxy S8,499.99,3,1499.97,19.45,1208.23,550
144,35,Potatoes,2.29,4,9.16,5.38,8.67,551
144,71,Silver Pot With Glass Cap,39.99,3,119.97,5.7,113.13,552
144,156,Green and Black Glasses,34.99,4,139.96,1.01,138.55,553
145,152,Tennis Racket,49.99,4,199.96,19.61,160.75,554
145,52,Carbon Steel Wok,29.99,3,89.97,6.53,84.09,555
145,129,Realme X,299.99,2,599.98,6.95,558.28,556
145,146,Feather Shuttlecock,5.99,1,5.99,2.95,5.81,557
145,77,Yellow Peeler,5.99,3,17.97,12.48,15.73,558
145,10,Gucci Bloom Eau de,79.99,3,239.97,14.39,205.44,559
146,137,American Football,19.99,2,39.98,4.93,38.01,560
146,18,Cat Food,8.99,5,44.95,9.58,40.64,561
146,172,Blue Women's Handbag,49.99,4,199.96,17.88,164.21,562
146,151,Tennis Ball,6.99,2,13.98,11.76,12.34,563
146,102,Apple Airpower Wireless Charger,79.99,3,239.97,4.48,229.22,564
146,76,Wooden Rolling Pin,11.99,2,23.98,9.75,21.64,565
147,42,Water,0.99,3,2.97,14.92,2.53,566
147,122,iPhone 6,299.99,1,299.99,6.69,279.92,567
147,129,Realme X,299.99,3,899.97,6.95,837.42,568
147,7,Chanel Coco Noir Eau De,129.99,5,649.95,16.51,542.64,569
147,107,Beats Flex Wireless Earphones,49.99,5,249.95,5.73,235.63,570
148,32,Milk,3.49,2,6.98,13.74,6.02,571
148,111,Selfie Stick Monopod,12.99,5,64.95,19.12,52.53,572
149,117,Sportbike Motorcycle,7499.99,5,37499.95,11.58,33157.46,573
149,101,Apple AirPods Max Silver,549.99,2,1099.98,13.67,949.61,574
149,91,Sports Sneakers Off White & Red,119.99,5,599.9499999999999,4.97,570.13,575
149,28,Ice Cream,5.49,5,27.450000000000003,8.69,25.06,576
150,153,Volleyball,11.99,1,11.99,12.25,10.52,577
150,32,Milk,3.49,5,17.450000000000003,13.74,15.05,578
150,159,iPad Mini 2021 Starlight,499.99,2,999.98,3.64,963.58,579
151,38,Rice,5.99,2,11.98,9.29,10.87,580
151,2,Eyeshadow Palette with Mirror,19.99,3,59.97,18.19,49.06,581
151,21,Cucumber,1.49,4,5.96,0.16,5.95,582
151,52,Carbon Steel Wok,29.99,5,149.95,6.53,140.16,583
151,2,Eyeshadow Palette with Mirror,19.99,1,19.99,18.19,16.35,584
152,108,iPhone 12 Silicone Case with MagSafe Plum,29.99,4,119.96,13.85,103.35,585
152,193,Watch Gold for Women,799.99,5,3999.95,18.34,3266.36,586
153,7,Chanel Coco Noir Eau De,129.99,2,259.98,16.51,217.06,587
153,120,Vaseline Men Body and Face Lotion,9.99,3,29.97,13.39,25.96,588
153,110,Selfie Lamp with iPhone,14.99,1,14.99,19.4,12.08,589
153,136,Vivo X21,499.99,5,2499.95,17.41,2064.71,590
153,80,Huawei Matebook X Pro,1399.99,1,1399.99,9.38,1268.67,591
153,164,Gray Dress,34.99,3,104.97,14.28,89.98,592
154,29,Juice,3.99,1,3.99,12.06,3.51,593
154,93,Brown Leather Belt Watch,89.99,5,449.95,5.99,423.0,594
154,176,Women Handbag Black,59.99,2,119.98,11.63,106.03,595
155,113,Generic Motorcycle,3999.99,5,19999.95,12.1,17579.96,596
155,74,Spoon,4.99,5,24.950000000000003,1.53,24.57,597
155,71,Silver Pot With Glass Cap,39.99,4,159.96,5.7,150.84,598
155,170,Durango SXT RWD,36999.99,3,110999.97,16.44,92751.57,599
155,36,Protein Powder,19.99,2,39.98,7.59,36.95,600
156,67,Mug Tree Stand,15.99,4,63.96,9.25,58.04,601
156,112,TV Studio Camera Pedestal,499.99,5,2499.95,8.31,2292.2,602
156,67,Mug Tree Stand,15.99,5,79.95,9.25,72.55,603
157,74,Spoon,4.99,1,4.99,1.53,4.91,604
157,16,Apple,1.99,1,1.99,12.62,1.74,605
158,13,Bedside Table African Cherry,299.99,1,299.99,19.09,242.72,606
158,44,Family Tree Photo Frame,29.99,1,29.99,14.87,25.53,607
158,6,Calvin Klein CK One,49.99,5,249.95,1.89,245.23,608
158,14,Knoll Saarinen Executive Conference Chair,499.99,1,499.99,2.01,489.94,609
158,182,Green Crystal Earring,29.99,3,89.97,15.24,76.26,610
159,68,Pan,24.99,5,124.95,3.0,121.2,611
159,105,Apple MagSafe Battery Pack,99.99,1,99.99,17.17,82.82,612
159,164,Gray Dress,34.99,3,104.97,14.28,89.98,613
159,119,Olay Ultra Moisture Shea Butter Body Wash,12.99,4,51.96,16.39,43.44,614
159,148,Golf Ball,9.99,2,19.98,17.37,16.51,615
159,56,Electric Stove,49.99,1,49.99,14.04,42.97,616
160,66,Microwave Oven,89.99,1,89.99,12.13,79.07,617
160,183,Green Oval Earring,24.99,3,74.97,15.18,63.59,618
161,172,Blue Women's Handbag,49.99,5,249.95,17.88,205.26,619
161,156,Green and Black Glasses,34.99,4,139.96,1.01,138.55,620
161,159,iPad Mini 2021 Starlight,499.99,3,1499.97,3.64,1445.37,621
161,105,Apple MagSafe Battery Pack,99.99,4,399.96,17.17,331.29,622
161,68,Pan,24.99,2,49.98,3.0,48.48,623
162,151,Tennis Ball,6.99,4,27.96,11.76,24.67,624
162,118,Attitude Super Leaves Hand Soap,8.99,1,8.99,18.49,7.33,625
162,112,TV Studio Camera Pedestal,499.99,4,1999.96,8.31,1833.76,626
162,129,Realme X,299.99,4,1199.96,6.95,1116.56,627
163,51,Boxed Blender,39.99,2,79.98,7.26,74.17,628
163,33,Mulberry,4.99,3,14.97,12.87,13.04,629
163,13,Bedside Table African Cherry,299.99,3,899.97,19.09,728.17,630
163,8,Dior J'adore,89.99,5,449.95,14.72,383.72,631
163,6,Calvin Klein CK One,49.99,1,49.99,1.89,49.05,632
164,27,Honey Jar,6.99,4,27.96,14.4,23.93,633
164,61,Hand Blender,34.99,4,139.96,17.02,116.14,634
164,46,Plant Pot,14.99,4,59.96,6.84,55.86,635
165,46,Plant Pot,14.99,1,14.99,6.84,13.96,636
165,109,Monopod,19.99,2,39.98,8.58,36.55,637
165,76,Wooden Rolling Pin,11.99,1,11.99,9.75,10.82,638
165,189,Red Shoes,34.99,2,69.98,17.69,57.6,639
165,73,Spice Rack,19.99,3,59.97,12.09,52.72,640
165,113,Generic Motorcycle,3999.99,5,19999.95,12.1,17579.96,641
166,175,White Faux Leather Backpack,39.99,2,79.98,15.2,67.82,642
166,180,Dress Pea,49.99,1,49.99,17.68,41.15,643
167,191,Rolex Cellini Moonphase,15999.99,3,47999.97,4.11,46027.17,644
167,21,Cucumber,1.49,1,1.49,0.16,1.49,645
167,166,Tartan Dress,39.99,5,199.95,12.95,174.06,646
168,52,Carbon Steel Wok,29.99,2,59.98,6.53,56.06,647
168,50,Black Whisk,9.99,4,39.96,10.24,35.87,648
169,193,Watch Gold for Women,799.99,1,799.99,18.34,653.27,649
169,95,Rolex Cellini Date Black Dial,8999.99,4,35999.96,8.88,32803.16,650
170,8,Dior J'adore,89.99,1,89.99,14.72,76.74,651
170,126,Oppo F19 Pro Plus,399.99,4,1599.96,18.64,1301.73,652
170,59,Glass,4.99,5,24.950000000000003,7.92,22.97,653
170,9,Dolce Shine Eau de,69.99,1,69.99,0.62,69.56,654
170,46,Plant Pot,14.99,3,44.97,6.84,41.89,655
171,166,Tartan Dress,39.99,5,199.95,12.95,174.06,656
171,157,Party Glasses,19.99,1,19.99,11.22,17.75,657
172,24,Fish Steak,14.99,5,74.95,4.23,71.78,658
172,1,Essence Mascara Lash Princess,9.99,2,19.98,10.48,17.89,659
172,8,Dior J'adore,89.99,1,89.99,14.72,76.74,660
172,100,Apple Airpods,129.99,3,389.97,15.54,329.37,661
173,191,Rolex Cellini Moonphase,15999.99,1,15999.99,4.11,15342.39,662
173,106,Apple Watch Series 4 Gold,349.99,5,1749.95,12.02,1539.61,663
173,63,Kitchen Sieve,7.99,4,31.96,18.91,25.92,664
173,37,Red Onions,1.99,2,3.98,9.9,3.59,665
174,158,Sunglasses,22.99,4,91.96,1.51,90.57,666
174,90,Puma Future Rider Trainers,89.99,5,449.95,4.2,431.05,667
174,54,Citrus Squeezer Yellow,8.99,4,35.96,12.1,31.61,668
174,27,Honey Jar,6.99,3,20.97,14.4,17.95,669
174,83,Blue & Black Check Shirt,29.99,5,149.95,15.35,126.93,670
174,39,Soft Drinks,1.99,2,3.98,17.48,3.28,671
175,128,Realme C35,149.99,1,149.99,15.3,127.04,672
175,99,Amazon Echo Plus,99.99,2,199.98,12.07,175.84,673
176,152,Tennis Racket,49.99,5,249.95,19.61,200.93,674
176,19,Chicken Meat,9.99,2,19.98,13.7,17.24,675
177,179,Corset With Black Skirt,79.99,5,399.95,15.06,339.72,676
177,14,Knoll Saarinen Executive Conference Chair,499.99,4,1999.96,2.01,1959.76,677
178,4,Red Lipstick,12.99,2,25.98,12.16,22.82,678
178,43,Decoration Swing,59.99,4,239.96,10.41,214.98,679
178,93,Brown Leather Belt Watch,89.99,3,269.97,5.99,253.8,680
178,128,Realme C35,149.99,5,749.95,15.3,635.21,681
178,99,Amazon Echo Plus,99.99,5,499.95,12.07,439.61,682
178,12,Annibale Colombo Sofa,2499.99,2,4999.98,14.4,4279.98,683
179,100,Apple Airpods,129.99,2,259.98,15.54,219.58,684
179,83,Blue & Black Check Shirt,29.99,4,119.96,15.35,101.55,685
179,95,Rolex Cellini Date Black Dial,8999.99,3,26999.97,8.88,24602.37,686
179,32,Milk,3.49,3,10.47,13.74,9.03,687
179,118,Attitude Super Leaves Hand Soap,8.99,3,26.97,18.49,21.98,688
179,88,Nike Air Jordan 1 Red And Black,149.99,1,149.99,4.12,143.81,689
180,26,Green Chili Pepper,0.99,2,1.98,1.0,1.96,690
180,74,Spoon,4.99,1,4.99,1.53,4.91,691
181,105,Apple MagSafe Battery Pack,99.99,2,199.98,17.17,165.64,692
181,48,Bamboo Spatula,7.99,1,7.99,2.84,7.76,693
181,82,New DELL XPS 13 9300 Laptop,1499.99,3,4499.97,11.89,3964.92,694
182,69,Plate,3.99,3,11.97,7.31,11.09,695
182,176,Women Handbag Black,59.99,2,119.98,11.63,106.03,696
182,67,Mug Tree Stand,15.99,5,79.95,9.25,72.55,697
182,133,Samsung Galaxy S10,699.99,3,2099.9700000000003,5.59,1982.58,698
182,47,Table Lamp,49.99,4,199.96,7.09,185.78,699
182,129,Realme X,299.99,3,899.97,6.95,837.42,700
183,63,Kitchen Sieve,7.99,5,39.95,18.91,32.4,701
183,64,Knife,14.99,1,14.99,18.86,12.16,702
183,136,Vivo X21,499.99,5,2499.95,17.41,2064.71,703
183,193,Watch Gold for Women,799.99,3,2399.9700000000003,18.34,1959.82,704
183,167,300 Touring,28999.99,2,57999.98,3.98,55691.58,705
184,98,Rolex Submariner Watch,13999.99,1,13999.99,5.05,13292.99,706
184,67,Mug Tree Stand,15.99,1,15.99,9.25,14.51,707
185,33,Mulberry,4.99,1,4.99,12.87,4.35,708
185,130,Realme XT,349.99,4,1399.96,11.51,1238.82,709
186,92,Sports Sneakers Off White Red,109.99,3,329.97,0.04,329.84,710
186,70,Red Tongs,6.99,5,34.95,14.52,29.88,711
187,12,Annibale Colombo Sofa,2499.99,4,9999.96,14.4,8559.97,712
187,119,Olay Ultra Moisture Shea Butter Body Wash,12.99,5,64.95,16.39,54.3,713
187,161,Samsung Galaxy Tab White,349.99,2,699.98,18.2,572.58,714
187,10,Gucci Bloom Eau de,79.99,1,79.99,14.39,68.48,715
188,184,Tropical Earring,19.99,5,99.95,0.76,99.19,716
188,166,Tartan Dress,39.99,1,39.99,12.95,34.81,717
188,2,Eyeshadow Palette with Mirror,19.99,1,19.99,18.19,16.35,718
188,183,Green Oval Earring,24.99,1,24.99,15.18,21.2,719
189,122,iPhone 6,299.99,3,899.97,6.69,839.76,720
189,8,Dior J'adore,89.99,4,359.96,14.72,306.97,721
189,108,iPhone 12 Silicone Case with MagSafe Plum,29.99,1,29.99,13.85,25.84,722
190,157,Party Glasses,19.99,4,79.96,11.22,70.99,723
190,98,Rolex Submariner Watch,13999.99,4,55999.96,5.05,53171.96,724
191,7,Chanel Coco Noir Eau De,129.99,3,389.97,16.51,325.59,725
191,45,House Showpiece Plant,39.99,2,79.98,7.46,74.01,726
191,96,Rolex Cellini Moonphase,12999.99,3,38999.97,17.52,32167.18,727
191,184,Tropical Earring,19.99,1,19.99,0.76,19.84,728
191,78,Apple MacBook Pro 14 Inch Space Grey,1999.99,2,3999.98,4.69,3812.38,729
192,98,Rolex Submariner Watch,13999.99,5,69999.95,5.05,66464.95,730
192,92,Sports Sneakers Off White Red,109.99,3,329.97,0.04,329.84,731
192,28,Ice Cream,5.49,5,27.450000000000003,8.69,25.06,732
192,1,Essence Mascara Lash Princess,9.99,3,29.97,10.48,26.83,733
192,43,Decoration Swing,59.99,4,239.96,10.41,214.98,734
193,26,Green Chili Pepper,0.99,5,4.95,1.0,4.9,735
193,100,Apple Airpods,129.99,4,519.96,15.54,439.16,736
193,138,Baseball Ball,8.99,4,35.96,1.71,35.35,737
193,2,Eyeshadow Palette with Mirror,19.99,1,19.99,18.19,16.35,738
193,149,Iron Golf,49.99,1,49.99,6.53,46.73,739
193,59,Glass,4.99,5,24.950000000000003,7.92,22.97,740
194,111,Selfie Stick Monopod,12.99,3,38.97,19.12,31.52,741
194,167,300 Touring,28999.99,3,86999.97,3.98,83537.37,742
194,17,Beef Steak,12.99,4,51.96,9.61,46.97,743
195,103,Apple HomePod Mini Cosmic Grey,99.99,4,399.96,18.1,327.57,744
195,100,Apple Airpods,129.99,1,129.99,15.54,109.79,745
195,192,Rolex Datejust Women,10999.99,4,43999.96,15.94,36986.37,746
195,43,Decoration Swing,59.99,1,59.99,10.41,53.75,747
195,60,Grater Black,10.99,4,43.96,3.56,42.4,748
195,27,Honey Jar,6.99,4,27.96,14.4,23.93,749
196,185,Black & Brown Slipper,19.99,2,39.98,3.33,38.65,750
196,1,Essence Mascara Lash Princess,9.99,5,49.95,10.48,44.72,751
196,52,Carbon Steel Wok,29.99,2,59.98,6.53,56.06,752
196,24,Fish Steak,14.99,4,59.96,4.23,57.42,753
196,115,MotoGP CI.H1,14999.99,5,74999.95,6.92,69809.95,754
197,18,Cat Food,8.99,4,35.96,9.58,32.52,755
197,167,300 Touring,28999.99,2,57999.98,3.98,55691.58,756
197,87,Men Check Shirt,27.99,1,27.99,11.38,24.8,757
198,39,Soft Drinks,1.99,3,5.97,17.48,4.93,758
198,36,Protein Powder,19.99,3,59.97,7.59,55.42,759
198,168,Charger SXT RWD,32999.99,3,98999.97,8.23,90852.27,760
198,129,Realme X,299.99,5,1499.95,6.95,1395.7,761
199,98,Rolex Submariner Watch,13999.99,2,27999.98,5.05,26585.98,762
199,43,Decoration Swing,59.99,4,239.96,10.41,214.98,763
200,87,Men Check Shirt,27.99,5,139.95,11.38,124.02,764
200,187,Golden Shoes Woman,49.99,3,149.97,13.93,129.08,765
200,44,Family Tree Photo Frame,29.99,3,89.97,14.87,76.59,766
200,142,Cricket Ball,12.99,5,64.95,8.63,59.34,767
200,187,Golden Shoes Woman,49.99,5,249.95,13.93,215.13,768
200,97,Rolex Datejust,10999.99,2,21999.98,3.73,21179.38,769
201,86,Man Short Sleeve Shirt,19.99,3,59.97,6.83,55.87,770
201,72,Slotted Turner,8.99,1,8.99,13.35,7.79,771
201,28,Ice Cream,5.49,5,27.450000000000003,8.69,25.06,772
201,171,Pacifica Touring,31999.99,4,127999.96,14.76,109107.17,773
202,112,TV Studio Camera Pedestal,499.99,1,499.99,8.31,458.44,774
202,19,Chicken Meat,9.99,5,49.95,13.7,43.11,775
202,65,Lunch Box,12.99,1,12.99,10.34,11.65,776
202,113,Generic Motorcycle,3999.99,5,19999.95,12.1,17579.96,777
202,159,iPad Mini 2021 Starlight,499.99,5,2499.95,3.64,2408.95,778
202,119,Olay Ultra Moisture Shea Butter Body Wash,12.99,4,51.96,16.39,43.44,779
203,158,Sunglasses,22.99,1,22.99,1.51,22.64,780
203,70,Red Tongs,6.99,4,27.96,14.52,23.9,781
204,141,Basketball Rim,39.99,4,159.96,7.74,147.58,782
204,190,IWC Ingenieur Automatic Steel,4999.99,4,19999.96,9.45,18109.96,783
204,38,Rice,5.99,2,11.98,9.29,10.87,784
204,176,Women Handbag Black,59.99,3,179.97,11.63,159.04,785
204,190,IWC Ingenieur Automatic Steel,4999.99,1,4999.99,9.45,4527.49,786
204,91,Sports Sneakers Off White & Red,119.99,2,239.98,4.97,228.05,787
205,62,Ice Cube Tray,5.99,2,11.98,0.63,11.9,788
205,113,Generic Motorcycle,3999.99,4,15999.96,12.1,14063.96,789
206,141,Basketball Rim,39.99,4,159.96,7.74,147.58,790
206,3,Powder Canister,14.99,2,29.98,9.84,27.03,791
206,185,Black & Brown Slipper,19.99,2,39.98,3.33,38.65,792
207,137,American Football,19.99,2,39.98,4.93,38.01,793
207,146,Feather Shuttlecock,5.99,5,29.950000000000003,2.95,29.07,794
207,42,Water,0.99,4,3.96,14.92,3.37,795
207,164,Gray Dress,34.99,4,139.96,14.28,119.97,796
207,117,Sportbike Motorcycle,7499.99,3,22499.97,11.58,19894.47,797
207,16,Apple,1.99,3,5.97,12.62,5.22,798
208,3,Powder Canister,14.99,3,44.97,9.84,40.54,799
208,100,Apple Airpods,129.99,2,259.98,15.54,219.58,800
